Latitude,Longitude
19.075960,72.87764
19.075950,72.87765
19.075640,72.87814
19.075590,72.8782
19.075460,72.87842
19.075370,72.87857
19.075230,72.87887
19.075100,72.87918
19.075020,72.87942
19.075020,72.87942
19.074830,72.87961
19.074540,72.88004
19.074240,72.88051
19.074010,72.88083
19.073900,72.88098
19.073790,72.88116
19.073760,72.88126
19.073720,72.88137
19.073680,72.88154
19.073640,72.8817
19.073620,72.88191
19.073600,72.88232
19.073590,72.88249
19.073580,72.88267
19.073550,72.88281
19.073520,72.88296
19.073440,72.88317
19.073360,72.88333
19.073290,72.88349
19.073150,72.88369
19.072920,72.88397
19.072680,72.88422
19.071840,72.8851
19.070630,72.88612
19.070230,72.88645
19.069830,72.88679
19.068980,72.88749
19.068020,72.88828
19.067670,72.88856
19.067520,72.88872
19.067370,72.88888
19.067190,72.88907
19.066610,72.88971
19.066540,72.8898
19.066470,72.8899
19.066410,72.88998
19.066350,72.89009
19.066310,72.89019
19.066240,72.89035
19.066200,72.89052
19.064930,72.89533
19.064760,72.89589
19.064660,72.89629
19.064630,72.89651
19.064610,72.89671
19.064610,72.89689
19.064630,72.89705
19.064660,72.89724
19.064710,72.89742
19.064770,72.89758
19.064850,72.89774
19.065450,72.89865
19.065600,72.89891
19.065750,72.89918
19.065990,72.89959
19.066100,72.89977
19.067120,72.9013
19.067670,72.90231
19.068550,72.90357
19.068580,72.90363
19.068600,72.90367
19.068620,72.90371
19.068630,72.90374
19.068630,72.90377
19.068640,72.90388
19.069480,72.90512
19.070780,72.90709
19.070780,72.90709
19.070870,72.90722
19.070740,72.90733
19.070640,72.90742
19.070580,72.90749
19.070530,72.90756
19.070490,72.90766
19.070440,72.90777
19.070390,72.90791
19.070240,72.90832
19.070130,72.90849
19.070020,72.90864
19.069930,72.90875
19.069810,72.90887
19.069700,72.90898
19.069560,72.90911
19.069420,72.90922
19.069270,72.90933
19.069150,72.9094
19.069000,72.90949
19.068850,72.90956
19.068690,72.90964
19.068520,72.9097
19.068340,72.90975
19.068170,72.90979
19.067940,72.90983
19.067920,72.90983
19.067920,72.90983
19.067350,72.90989
19.067090,72.90992
19.066870,72.90994
19.066700,72.90997
19.066540,72.91
19.066360,72.91004
19.066160,72.91012
19.065920,72.91024
19.065740,72.91034
19.065540,72.91048
19.065380,72.9106
19.065230,72.91073
19.064790,72.91113
19.064560,72.91142
19.064130,72.91202
19.064080,72.9121
19.064010,72.91223
19.063930,72.91237
19.063870,72.91252
19.063810,72.91268
19.063760,72.91283
19.063660,72.91312
19.063550,72.9135
19.063400,72.91404
19.063310,72.91443
19.063280,72.9145
19.063260,72.9146
19.063250,72.91467
19.063090,72.91525
19.063030,72.91548
19.062900,72.91597
19.062810,72.91621
19.062730,72.91641
19.062640,72.91659
19.062630,72.91661
19.062220,72.91759
19.062020,72.91809
19.061410,72.91956
19.061220,72.91998
19.059940,72.92252
19.059320,72.92368
19.059280,72.92375
19.059160,72.92397
19.057540,72.92715
19.056930,72.92833
19.056840,72.92852
19.056740,72.92877
19.056700,72.9289
19.056670,72.92904
19.056660,72.92907
19.056640,72.92921
19.056510,72.93018
19.056400,72.93109
19.056390,72.93116
19.056380,72.93125
19.056340,72.93143
19.056290,72.93162
19.056240,72.93183
19.056190,72.93197
19.056170,72.93202
19.056150,72.93208
19.056080,72.93223
19.056020,72.93237
19.055920,72.93255
19.055900,72.93259
19.055850,72.93268
19.055790,72.93279
19.055630,72.93305
19.055570,72.93314
19.055520,72.93322
19.055460,72.9333
19.055210,72.93363
19.055060,72.93382
19.054930,72.93401
19.054890,72.93405
19.054790,72.93418
19.054670,72.93431
19.054560,72.93442
19.054260,72.93471
19.054190,72.93476
19.053900,72.93502
19.053660,72.93522
19.053420,72.9354
19.053260,72.93552
19.053200,72.93556
19.052740,72.9359
19.051640,72.93663
19.051570,72.93667
19.051300,72.93681
19.051300,72.93681
19.051350,72.93691
19.052120,72.93902
19.052760,72.94074
19.052800,72.94087
19.052830,72.94098
19.052830,72.94099
19.052920,72.94137
19.052920,72.94137
19.054590,72.94595
19.054920,72.94691
19.057990,72.95551
19.058160,72.95598
19.058230,72.95616
19.058370,72.95654
19.058400,72.95666
19.058450,72.95679
19.058530,72.95705
19.058590,72.95728
19.058650,72.95749
19.058670,72.95761
19.058670,72.95761
19.058690,72.95771
19.058720,72.95784
19.058750,72.95801
19.058820,72.95838
19.058930,72.95893
19.059010,72.95925
19.059110,72.95972
19.059150,72.95989
19.059320,72.96064
19.059410,72.96107
19.059880,72.96321
19.060190,72.96466
19.060480,72.9658
19.061060,72.96829
19.061410,72.9698
19.061470,72.97
19.061940,72.97205
19.062090,72.97271
19.062350,72.97376
19.063050,72.97662
19.063420,72.97813
19.063610,72.97867
19.063650,72.97877
19.063890,72.97928
19.063940,72.97938
19.064100,72.97976
19.064360,72.9803
19.064760,72.98118
19.065060,72.9817
19.065250,72.98195
19.065420,72.98213
19.065860,72.98261
19.066320,72.98308
19.066720,72.9835
19.067200,72.984
19.067580,72.98437
19.067980,72.9848
19.068080,72.9849
19.068260,72.98508
19.068680,72.98543
19.068800,72.98555
19.068860,72.98563
19.068920,72.9857
19.069030,72.98585
19.069110,72.98598
19.069200,72.98615
19.069270,72.98628
19.069290,72.98632
19.069330,72.98641
19.069390,72.98656
19.069450,72.98669
19.069500,72.98685
19.069530,72.98699
19.069550,72.98707
19.069570,72.98715
19.069590,72.98729
19.069600,72.98743
19.069600,72.98763
19.069580,72.98782
19.069570,72.98791
19.069550,72.98803
19.069450,72.98941
19.069380,72.99027
19.069240,72.9918
19.069160,72.99245
19.069140,72.9926
19.069120,72.99273
19.069090,72.993
19.069000,72.99383
19.068770,72.99683
19.068530,72.99967
19.068500,73.00004
19.068460,73.00054
19.068430,73.00101
19.068340,73.00173
19.068300,73.00227
19.068260,73.00281
19.068130,73.00456
19.068100,73.00482
19.068050,73.00536
19.068020,73.00572
19.068010,73.00593
19.067910,73.00789
19.067850,73.00882
19.067830,73.00906
19.067810,73.00929
19.067720,73.01055
19.067590,73.01228
19.067300,73.01571
19.067240,73.0165
19.067150,73.01748
19.067080,73.01822
19.067040,73.01903
19.067020,73.01933
19.066990,73.01954
19.066950,73.01966
19.066890,73.01976
19.066820,73.01984
19.066790,73.01988
19.066740,73.01991
19.066680,73.01995
19.066620,73.01998
19.066530,73.02
19.066380,73.02001
19.065300,73.01995
19.065210,73.01993
19.065160,73.01992
19.065100,73.01989
19.065060,73.01986
19.064980,73.01979
19.064880,73.01969
19.064800,73.01962
19.064720,73.01956
19.064640,73.01951
19.064540,73.01948
19.064420,73.01945
19.063950,73.01937
19.063700,73.01935
19.063580,73.01933
19.063420,73.0193
19.062860,73.01928
19.061940,73.01928
19.061450,73.01926
19.060770,73.01924
19.060440,73.01924
19.059570,73.01928
19.057320,73.01943
19.054440,73.01951
19.053610,73.01951
19.053460,73.01952
19.053270,73.01955
19.053050,73.01962
19.052860,73.01968
19.052720,73.01974
19.052600,73.0198
19.052470,73.01988
19.052330,73.01997
19.052210,73.02006
19.052060,73.0202
19.051830,73.02039
19.051610,73.02059
19.051470,73.02071
19.051340,73.02083
19.051010,73.02112
19.050160,73.02187
19.050060,73.02196
19.048340,73.02349
19.047770,73.02396
19.047210,73.02446
19.046870,73.02479
19.046780,73.02487
19.046690,73.02495
19.046320,73.02526
19.045430,73.02604
19.044600,73.02673
19.044260,73.02705
19.043930,73.02736
19.043670,73.02758
19.043380,73.02784
19.043110,73.02806
19.042840,73.02824
19.042570,73.02837
19.042350,73.02846
19.042150,73.02852
19.041950,73.02856
19.041490,73.02862
19.040990,73.02868
19.040120,73.02879
19.038640,73.02898
19.038480,73.029
19.038330,73.02902
19.037420,73.02915
19.037270,73.02917
19.035220,73.02946
19.031590,73.02997
19.030970,73.03006
19.030710,73.03011
19.030560,73.03015
19.030430,73.03021
19.030210,73.03032
19.030140,73.03038
19.030070,73.03044
19.030020,73.03049
19.029960,73.03056
19.029840,73.03075
19.029810,73.0308
19.029790,73.03087
19.029740,73.03111
19.029740,73.03129
19.029760,73.03146
19.029850,73.0318
19.029900,73.03201
19.029970,73.03232
19.029980,73.03236
19.029990,73.03255
19.029990,73.03267
19.030000,73.03269
19.030000,73.03286
19.029970,73.03304
19.029930,73.03318
19.029880,73.03333
19.029740,73.03358
19.029730,73.03361
19.029650,73.03371
19.029530,73.03382
19.029400,73.03395
19.028950,73.03437
19.028310,73.03508
19.027770,73.03568
19.026610,73.03701
19.026450,73.0372
19.026290,73.03739
19.025940,73.03783
19.025720,73.03811
19.025520,73.03838
19.025080,73.03893
19.024430,73.03973
19.024260,73.03996
19.024180,73.04008
19.024050,73.04027
19.023970,73.04041
19.023890,73.04054
19.023770,73.04078
19.023710,73.04095
19.023660,73.04112
19.023620,73.04132
19.023330,73.04318
19.023270,73.04359
19.023220,73.04389
19.023180,73.04411
19.023130,73.0443
19.023090,73.04452
19.022980,73.04518
19.022710,73.04675
19.022630,73.04731
19.022590,73.04754
19.022430,73.04869
19.022360,73.04921
19.022340,73.04964
19.022360,73.04989
19.022380,73.05006
19.022430,73.05038
19.022520,73.05071
19.022640,73.05108
19.022780,73.05139
19.022920,73.0517
19.023110,73.05208
19.023390,73.05262
19.023620,73.05303
19.024060,73.05387
19.024300,73.05426
19.026080,73.05686
19.026610,73.05766
19.026740,73.05787
19.026770,73.05792
19.026770,73.05793
19.026920,73.05817
19.026940,73.05821
19.027360,73.05882
19.027400,73.05887
19.028640,73.06066
19.029010,73.06119
19.029380,73.06173
19.029960,73.0626
19.030980,73.06406
19.031100,73.06424
19.032010,73.06564
19.032210,73.06592
19.032400,73.0662
19.033020,73.0671
19.034480,73.06921
19.034970,73.06994
19.035160,73.07021
19.035870,73.07125
19.036010,73.07144
19.036720,73.07244
19.036720,73.07244
19.037000,73.07285
19.037300,73.07328
19.037500,73.07356
19.037620,73.07374
19.037900,73.07415
19.038060,73.07441
19.038140,73.07456
19.038200,73.07468
19.038290,73.07491
19.038340,73.07503
19.038410,73.07521
19.038450,73.07539
19.038470,73.07551
19.038510,73.07567
19.038520,73.07581
19.038530,73.0761
19.038510,73.0764
19.038480,73.07656
19.038440,73.07676
19.038280,73.0773
19.038160,73.07759
19.038070,73.07776
19.037650,73.07843
19.037410,73.07877
19.037080,73.07922
19.036360,73.08012
19.035540,73.08119
19.035120,73.08176
19.034780,73.08224
19.034710,73.08235
19.034580,73.08254
19.034360,73.08283
19.033860,73.08353
19.033760,73.08362
19.033670,73.08374
19.033420,73.08415
19.033100,73.08466
19.032990,73.08485
19.032730,73.08529
19.032270,73.08599
19.031940,73.08647
19.031210,73.08758
19.031140,73.0877
19.030970,73.08804
19.030670,73.08858
19.030610,73.08874
19.030360,73.08909
19.028780,73.09121
19.028360,73.09179
19.027400,73.09329
19.026140,73.09509
19.025350,73.09619
19.024860,73.09689
19.023960,73.09815
19.023510,73.09881
19.022490,73.1002
19.021460,73.1016
19.021000,73.10232
19.020810,73.10255
19.020150,73.10349
19.019240,73.10478
19.018670,73.10561
19.018540,73.10583
19.018440,73.10601
19.018300,73.10628
19.018170,73.10656
19.018020,73.10687
19.017850,73.10731
19.017510,73.1082
19.017280,73.10882
19.017120,73.10923
19.017000,73.10951
19.016900,73.10975
19.016800,73.10995
19.016720,73.1101
19.016580,73.11038
19.016570,73.11041
19.016520,73.11048
19.016480,73.11055
19.016030,73.11135
19.015600,73.11208
19.015470,73.1123
19.014680,73.11367
19.014400,73.11418
19.014350,73.11426
19.014300,73.11434
19.014200,73.1145
19.014110,73.11466
19.014060,73.11474
19.013890,73.115
19.013520,73.11564
19.013150,73.11627
19.012560,73.11724
19.011980,73.1182
19.011870,73.11836
19.011760,73.11851
19.011610,73.11874
19.011440,73.11897
19.011260,73.11918
19.010950,73.11956
19.010480,73.12005
19.010200,73.12032
19.010050,73.12047
19.009900,73.12061
19.009560,73.12094
19.009220,73.12129
19.008380,73.12214
19.007450,73.12308
19.006300,73.12426
19.005750,73.1248
19.005130,73.12543
19.004910,73.12565
19.004490,73.12605
19.004220,73.12633
19.003990,73.12656
19.003630,73.12692
19.003560,73.12701
19.003310,73.12726
19.002910,73.12766
19.002450,73.12812
19.002000,73.12857
19.001370,73.12922
19.000990,73.12961
19.000850,73.12976
19.000730,73.12987
19.000530,73.13006
19.000420,73.13014
19.000170,73.13034
19.000000,73.13045
18.999890,73.13052
18.999690,73.13063
18.999530,73.13072
18.999180,73.13088
18.998850,73.13102
18.998750,73.13106
18.998580,73.13113
18.998310,73.13125
18.998140,73.13133
18.997950,73.13143
18.997800,73.13152
18.997730,73.13157
18.997640,73.13164
18.997410,73.13181
18.997230,73.13196
18.997140,73.13204
18.997050,73.13212
18.996950,73.13221
18.996920,73.13225
18.996630,73.1326
18.996450,73.13282
18.995830,73.13355
18.995470,73.13395
18.995130,73.13434
18.994830,73.13467
18.994280,73.13533
18.993590,73.13614
18.993200,73.13663
18.992910,73.13696
18.992460,73.1375
18.992150,73.13785
18.991810,73.13823
18.991670,73.13837
18.991320,73.13873
18.990910,73.13908
18.989230,73.14057
18.988190,73.1415
18.987950,73.14172
18.987670,73.14197
18.987350,73.14226
18.986700,73.14286
18.986050,73.14345
18.985470,73.14397
18.984840,73.14454
18.984810,73.14457
18.984470,73.14488
18.984150,73.14518
18.983870,73.14543
18.983470,73.14579
18.982900,73.14631
18.982100,73.14704
18.981910,73.14721
18.981730,73.14737
18.980800,73.14823
18.980100,73.14887
18.979880,73.14908
18.978460,73.15036
18.977630,73.15112
18.976890,73.15179
18.974400,73.15404
18.973030,73.15526
18.970360,73.15768
18.969690,73.15831
18.969500,73.15845
18.969420,73.1585
18.968830,73.15894
18.968690,73.15904
18.968320,73.15925
18.968040,73.15939
18.967680,73.15951
18.967650,73.15952
18.967630,73.15952
18.967530,73.15956
18.966980,73.1597
18.966460,73.15974
18.966000,73.15974
18.965440,73.15967
18.964790,73.15952
18.964490,73.15942
18.963420,73.15901
18.962010,73.15846
18.960490,73.15789
18.958430,73.15709
18.957650,73.1568
18.957520,73.15675
18.957500,73.15674
18.957490,73.15674
18.957470,73.15673
18.957420,73.15672
18.957110,73.15661
18.956900,73.15653
18.956790,73.15649
18.956330,73.15631
18.955450,73.15599
18.954840,73.15576
18.953810,73.15535
18.953060,73.15509
18.953040,73.15508
18.952900,73.15503
18.952890,73.15503
18.952760,73.15499
18.952260,73.15487
18.951630,73.15477
18.951140,73.15471
18.950630,73.15471
18.950240,73.15473
18.949880,73.15479
18.949560,73.15484
18.948260,73.1552
18.947670,73.15535
18.945080,73.15611
18.943750,73.15645
18.942070,73.15692
18.942010,73.15694
18.941890,73.15697
18.941860,73.15698
18.941770,73.15701
18.938740,73.15786
18.938510,73.15793
18.937410,73.15825
18.936070,73.15863
18.935760,73.15872
18.935360,73.15884
18.934570,73.15913
18.934200,73.15927
18.933750,73.15948
18.933410,73.15964
18.932970,73.15987
18.932380,73.1602
18.931860,73.16052
18.931470,73.16079
18.931240,73.16097
18.930900,73.16124
18.930450,73.1616
18.930220,73.16181
18.930000,73.16202
18.929890,73.16213
18.929780,73.16224
18.929410,73.16259
18.928210,73.1638
18.927490,73.1645
18.926380,73.1654
18.926320,73.16545
18.925450,73.16611
18.924840,73.16662
18.924670,73.16678
18.924610,73.16684
18.924030,73.16749
18.923590,73.16799
18.923190,73.16846
18.922360,73.16947
18.921710,73.17026
18.921570,73.17046
18.921410,73.17066
18.921250,73.17084
18.921090,73.17102
18.920910,73.17121
18.920730,73.17138
18.920190,73.17192
18.919140,73.1729
18.918890,73.17315
18.916590,73.17576
18.914490,73.17818
18.912960,73.1799
18.911780,73.18142
18.911300,73.18206
18.911010,73.18249
18.910640,73.18303
18.910320,73.18355
18.910010,73.18408
18.909740,73.18458
18.909730,73.1846
18.909140,73.18574
18.908970,73.18607
18.908920,73.18617
18.908800,73.1864
18.908100,73.18769
18.907810,73.18823
18.907460,73.18886
18.906200,73.19117
18.905260,73.1929
18.902730,73.19752
18.902390,73.19813
18.901710,73.19938
18.901460,73.19984
18.901250,73.20021
18.900990,73.20064
18.900830,73.20088
18.900650,73.20112
18.900500,73.20131
18.900330,73.20151
18.900090,73.20175
18.899900,73.20193
18.899610,73.20218
18.899460,73.20229
18.899310,73.20239
18.898990,73.20259
18.898850,73.20267
18.898500,73.20285
18.898310,73.20293
18.897860,73.20311
18.897440,73.20326
18.896770,73.20347
18.896530,73.20356
18.895680,73.20382
18.895300,73.20395
18.894980,73.20407
18.894770,73.20416
18.894390,73.20433
18.894010,73.20451
18.893370,73.20487
18.891830,73.20576
18.890280,73.20664
18.888010,73.20794
18.885980,73.20907
18.884180,73.2101
18.884170,73.2101
18.883990,73.21021
18.881730,73.21151
18.880200,73.21239
18.877700,73.21382
18.877310,73.21405
18.877170,73.21413
18.877040,73.2142
18.875940,73.21483
18.872750,73.21664
18.871410,73.2174
18.870390,73.21798
18.867890,73.2194
18.867320,73.21973
18.865830,73.22057
18.865120,73.22098
18.863890,73.22169
18.863810,73.22173
18.863720,73.22178
18.863590,73.22186
18.862650,73.22241
18.862360,73.22258
18.860690,73.22353
18.860250,73.22377
18.859820,73.22402
18.859360,73.22428
18.856520,73.22588
18.855010,73.22674
18.854090,73.22727
18.853820,73.22742
18.853240,73.22775
18.852620,73.22811
18.850740,73.22917
18.850490,73.22932
18.850240,73.22946
18.849690,73.22977
18.849500,73.22988
18.849270,73.23001
18.848700,73.23035
18.848500,73.2305
18.848150,73.23075
18.847870,73.23099
18.847630,73.23121
18.847390,73.23147
18.847230,73.23164
18.846950,73.23198
18.846590,73.23244
18.845680,73.23367
18.845030,73.23454
18.844770,73.23488
18.843910,73.23611
18.843050,73.23734
18.842710,73.23781
18.842420,73.23818
18.841460,73.23938
18.841070,73.23987
18.840750,73.24026
18.840160,73.24094
18.839670,73.24153
18.839390,73.24188
18.839140,73.2422
18.838820,73.24263
18.838230,73.24342
18.838210,73.24344
18.838140,73.24353
18.838140,73.24354
18.837960,73.24378
18.837300,73.24467
18.834760,73.2481
18.834700,73.24819
18.833950,73.2492
18.833810,73.24939
18.833200,73.25021
18.832030,73.25177
18.831660,73.25229
18.831530,73.25248
18.831400,73.2527
18.831270,73.25294
18.831140,73.2532
18.830980,73.25356
18.830790,73.254
18.830250,73.25527
18.829700,73.25658
18.828700,73.25893
18.828100,73.26035
18.827860,73.26088
18.827700,73.26119
18.827540,73.2615
18.827330,73.26183
18.827140,73.26209
18.826960,73.26233
18.826860,73.26245
18.826680,73.26266
18.826460,73.26289
18.826310,73.26304
18.826100,73.26323
18.825850,73.26343
18.825520,73.26369
18.825250,73.26388
18.824340,73.26451
18.823510,73.26508
18.823090,73.26537
18.822700,73.26565
18.821770,73.26632
18.821400,73.26662
18.821200,73.26679
18.821050,73.26694
18.820890,73.26709
18.820730,73.26726
18.820600,73.26742
18.820410,73.26765
18.820170,73.26795
18.820020,73.26814
18.819840,73.26839
18.818150,73.27096
18.816210,73.27389
18.815210,73.27542
18.814950,73.27581
18.814690,73.27619
18.814590,73.27633
18.814340,73.27669
18.814240,73.27681
18.814000,73.27708
18.813910,73.27718
18.813780,73.2773
18.813550,73.27752
18.813320,73.27771
18.813140,73.27785
18.812920,73.27801
18.812600,73.27823
18.812240,73.27846
18.811830,73.27871
18.811290,73.27905
18.811090,73.27917
18.810760,73.27938
18.810240,73.2797
18.809830,73.27996
18.809400,73.28023
18.808880,73.28057
18.808690,73.28069
18.808460,73.28083
18.808160,73.28103
18.807850,73.28122
18.807340,73.28155
18.807010,73.28177
18.806830,73.28189
18.806630,73.28203
18.806390,73.28218
18.805980,73.28244
18.805450,73.28276
18.805230,73.2829
18.805150,73.28295
18.805000,73.28305
18.804990,73.28306
18.804830,73.28315
18.802730,73.28446
18.802600,73.28455
18.801870,73.285
18.800660,73.28577
18.800140,73.28606
18.799700,73.28633
18.798880,73.28688
18.798710,73.28699
18.798130,73.28735
18.797450,73.28778
18.796800,73.28819
18.796500,73.28839
18.796260,73.28856
18.796120,73.28868
18.796000,73.28879
18.795800,73.28898
18.795680,73.28909
18.795540,73.28924
18.795410,73.2894
18.795260,73.28957
18.795120,73.28974
18.794960,73.28998
18.794780,73.29021
18.794780,73.29022
18.794770,73.29023
18.794600,73.29048
18.794470,73.29071
18.794360,73.2909
18.794240,73.29113
18.794090,73.29148
18.793980,73.29174
18.793870,73.29199
18.793100,73.29426
18.792930,73.29473
18.792630,73.29559
18.791680,73.29834
18.790920,73.30051
18.790560,73.30152
18.790320,73.30222
18.789560,73.30444
18.788940,73.30634
18.788640,73.3072
18.788510,73.30758
18.788370,73.30795
18.788360,73.30799
18.788250,73.30824
18.788120,73.3085
18.787980,73.3088
18.787880,73.30899
18.787460,73.30964
18.787080,73.31014
18.786620,73.31064
18.786230,73.31101
18.785840,73.31133
18.785350,73.31169
18.784960,73.31194
18.784130,73.31241
18.782790,73.31315
18.782530,73.3133
18.781580,73.3138
18.781150,73.31407
18.780680,73.31444
18.780380,73.31472
18.780150,73.31496
18.779860,73.31531
18.779680,73.31558
18.779250,73.31625
18.778900,73.31687
18.778500,73.31759
18.778200,73.31815
18.777770,73.31885
18.777690,73.31902
18.777610,73.31918
18.777540,73.3193
18.777450,73.31944
18.777320,73.3196
18.777220,73.31972
18.777110,73.31984
18.777030,73.31992
18.776950,73.31999
18.776830,73.32008
18.776680,73.32018
18.776520,73.3203
18.776280,73.32045
18.776040,73.32058
18.775630,73.3208
18.775220,73.32101
18.774590,73.32132
18.774310,73.32146
18.774150,73.32155
18.774000,73.32164
18.773860,73.32173
18.773730,73.32182
18.773620,73.32192
18.773500,73.32204
18.773330,73.32222
18.773180,73.32241
18.773090,73.32253
18.773010,73.32265
18.772870,73.32289
18.772730,73.32319
18.772640,73.32338
18.772540,73.32361
18.772480,73.32379
18.772430,73.32394
18.772380,73.3241
18.772350,73.32425
18.772320,73.32444
18.772310,73.32464
18.772310,73.32484
18.772330,73.32512
18.772350,73.32533
18.772380,73.32557
18.772410,73.32572
18.772440,73.32587
18.772480,73.32602
18.772540,73.3262
18.772780,73.32694
18.772830,73.3271
18.772890,73.32735
18.772940,73.32758
18.772970,73.3278
18.773000,73.32805
18.773010,73.32833
18.773030,73.32859
18.773040,73.32882
18.773040,73.32905
18.773030,73.32917
18.773020,73.3293
18.772990,73.32953
18.772960,73.32975
18.772920,73.32997
18.772860,73.33016
18.772780,73.3304
18.772670,73.33074
18.772540,73.33112
18.772420,73.33147
18.772290,73.3319
18.772200,73.33222
18.772100,73.33248
18.772010,73.33274
18.771920,73.33312
18.771880,73.33328
18.771830,73.33342
18.771680,73.33385
18.771570,73.3342
18.771460,73.33452
18.771280,73.33496
18.771120,73.33538
18.770890,73.33607
18.770670,73.33662
18.770630,73.33673
18.770580,73.33686
18.770500,73.33703
18.770380,73.3373
18.770300,73.33747
18.770230,73.3376
18.770090,73.33784
18.769990,73.33798
18.769890,73.3381
18.769800,73.33821
18.769710,73.33832
18.769530,73.33851
18.769290,73.33874
18.769140,73.33888
18.768980,73.33904
18.768720,73.33932
18.768590,73.33947
18.768450,73.33961
18.768400,73.33969
18.768360,73.33982
18.768340,73.33997
18.768350,73.34011
18.768370,73.34021
18.768440,73.34035
18.768560,73.34051
18.768600,73.34054
18.769060,73.34112
18.769460,73.34154
18.769690,73.34179
18.769910,73.34203
18.770280,73.34239
18.770430,73.34254
18.770520,73.34263
18.770590,73.34269
18.770640,73.34275
18.770680,73.3428
18.770720,73.34285
18.770780,73.34294
18.770830,73.34304
18.770860,73.34313
18.770890,73.34321
18.770910,73.3433
18.770930,73.34336
18.770940,73.34342
18.770950,73.3435
18.770950,73.34355
18.770960,73.34361
18.770960,73.34368
18.770950,73.34374
18.770940,73.34382
18.770930,73.3439
18.770920,73.34395
18.770900,73.34401
18.770870,73.34409
18.770830,73.34418
18.770790,73.34425
18.770760,73.34431
18.770720,73.34436
18.770690,73.34441
18.770670,73.34444
18.770620,73.34449
18.770580,73.34455
18.770510,73.34461
18.770450,73.34466
18.770390,73.3447
18.770340,73.34473
18.770280,73.34476
18.770200,73.3448
18.770150,73.34482
18.770080,73.34484
18.769960,73.34488
18.769810,73.34492
18.769630,73.34497
18.769470,73.345
18.769270,73.34505
18.768620,73.34521
18.768430,73.34526
18.768260,73.34531
18.768080,73.34536
18.767910,73.34541
18.767800,73.34545
18.767700,73.34549
18.767600,73.34551
18.767510,73.34553
18.767430,73.34554
18.767380,73.34555
18.767320,73.34556
18.767230,73.34557
18.767090,73.34562
18.766940,73.34568
18.766730,73.34575
18.766530,73.34582
18.766360,73.34587
18.766320,73.34588
18.766270,73.34589
18.766230,73.3459
18.766180,73.34592
18.766100,73.34594
18.766040,73.34597
18.765990,73.34599
18.765880,73.34605
18.765820,73.34608
18.765770,73.34611
18.765730,73.34614
18.765680,73.34619
18.765640,73.34623
18.765580,73.34627
18.765500,73.34631
18.765460,73.34634
18.765400,73.34637
18.765350,73.34639
18.765300,73.34642
18.765240,73.34644
18.765200,73.34647
18.765150,73.34649
18.765090,73.34652
18.765040,73.34653
18.764990,73.34655
18.764940,73.34657
18.764900,73.3466
18.764830,73.34665
18.764760,73.34669
18.764700,73.34674
18.764660,73.34676
18.764600,73.34678
18.764560,73.3468
18.764520,73.34681
18.764470,73.34682
18.764410,73.34684
18.764350,73.34688
18.764290,73.34691
18.764240,73.34694
18.764190,73.34697
18.764140,73.34699
18.764090,73.34701
18.764040,73.34704
18.763990,73.34706
18.763950,73.34708
18.763890,73.3471
18.763840,73.34713
18.763790,73.34717
18.763660,73.34727
18.763560,73.34736
18.763440,73.34745
18.763320,73.34754
18.763270,73.34759
18.763220,73.34762
18.763110,73.34773
18.763040,73.34781
18.762980,73.34788
18.762950,73.34794
18.762920,73.34801
18.762910,73.34806
18.762910,73.34811
18.762910,73.34816
18.762910,73.34819
18.762930,73.34825
18.762940,73.3483
18.762970,73.34836
18.763200,73.34871
18.763360,73.34895
18.763520,73.34919
18.763760,73.34957
18.763830,73.3497
18.763940,73.34991
18.764000,73.35003
18.764040,73.35011
18.764100,73.35019
18.764140,73.35024
18.764200,73.35029
18.764250,73.35033
18.764340,73.35037
18.764400,73.35039
18.764470,73.35042
18.764560,73.35044
18.764630,73.35047
18.764700,73.3505
18.764770,73.35053
18.764860,73.35059
18.764950,73.35063
18.765010,73.35067
18.765070,73.35071
18.765140,73.35076
18.765210,73.3508
18.765280,73.35084
18.765360,73.35089
18.765450,73.35095
18.765510,73.35099
18.765570,73.35103
18.765620,73.35107
18.765650,73.3511
18.765690,73.35114
18.765710,73.35118
18.765740,73.35123
18.765760,73.35128
18.765770,73.35133
18.765780,73.35139
18.765780,73.35143
18.765770,73.35148
18.765770,73.35152
18.765750,73.35157
18.765720,73.35162
18.765700,73.35167
18.765660,73.35171
18.765630,73.35174
18.765590,73.35179
18.765520,73.35183
18.765400,73.35191
18.765220,73.35198
18.765090,73.35205
18.764960,73.35214
18.764880,73.35223
18.764810,73.35233
18.764740,73.35246
18.764700,73.35259
18.764680,73.35271
18.764680,73.35279
18.764680,73.35283
18.764700,73.35294
18.764750,73.35308
18.764860,73.35327
18.765020,73.35346
18.765490,73.35397
18.765800,73.3543
18.766120,73.35457
18.766460,73.35486
18.766910,73.35523
18.767630,73.35577
18.767920,73.35597
18.768280,73.35626
18.768400,73.35638
18.768490,73.3565
18.768600,73.35671
18.768670,73.35691
18.768740,73.3571
18.768800,73.35728
18.768890,73.35747
18.768980,73.35762
18.769100,73.35776
18.769290,73.35791
18.769520,73.35806
18.770250,73.35847
18.771210,73.35899
18.771330,73.35905
18.771760,73.35932
18.771850,73.35941
18.771950,73.35953
18.772030,73.35968
18.772060,73.35983
18.772060,73.36003
18.772030,73.36016
18.771990,73.36028
18.771910,73.36044
18.771820,73.36055
18.771730,73.36063
18.771640,73.36069
18.771610,73.3607
18.771530,73.36074
18.771410,73.36078
18.771320,73.36078
18.771220,73.36078
18.771140,73.36076
18.771040,73.36073
18.770910,73.36067
18.770210,73.36029
18.770070,73.36021
18.769020,73.35964
18.768430,73.35931
18.768180,73.35916
18.767920,73.35897
18.767440,73.35859
18.766850,73.35799
18.766720,73.35782
18.766470,73.3575
18.766270,73.35719
18.766230,73.35711
18.766130,73.35692
18.765910,73.35648
18.765710,73.35613
18.765490,73.35576
18.765240,73.3554
18.765020,73.3551
18.764860,73.35488
18.764620,73.35453
18.764480,73.35436
18.764370,73.3542
18.764230,73.35406
18.764090,73.35396
18.764080,73.35395
18.763900,73.35384
18.763770,73.35377
18.763610,73.35372
18.763460,73.35371
18.763320,73.3537
18.763260,73.35371
18.763190,73.35372
18.763120,73.35374
18.763060,73.35377
18.762940,73.35385
18.762860,73.35392
18.762800,73.354
18.762750,73.35407
18.762710,73.35416
18.762670,73.35428
18.762650,73.35441
18.762640,73.35456
18.762650,73.35469
18.762680,73.35485
18.762770,73.35504
18.762900,73.35521
18.763050,73.35534
18.763260,73.35546
18.763560,73.35559
18.764100,73.35577
18.764370,73.35585
18.765000,73.35609
18.765180,73.3562
18.765360,73.35639
18.765390,73.35642
18.765550,73.35666
18.765640,73.35685
18.765700,73.35704
18.765740,73.3572
18.765770,73.35741
18.765780,73.35756
18.765800,73.35765
18.765820,73.35776
18.765850,73.35788
18.765900,73.35803
18.765950,73.35818
18.766000,73.35831
18.766060,73.35845
18.766130,73.35858
18.766220,73.35873
18.766280,73.35883
18.766590,73.35922
18.766660,73.3593
18.766720,73.35937
18.766760,73.35944
18.766790,73.35948
18.766820,73.35954
18.766830,73.3596
18.766830,73.35968
18.766820,73.35975
18.766750,73.35996
18.766730,73.36007
18.766730,73.36016
18.766760,73.36021
18.766780,73.36026
18.766840,73.36035
18.766900,73.36044
18.766960,73.3605
18.767010,73.36056
18.767070,73.36061
18.767160,73.36072
18.767260,73.36082
18.767450,73.36104
18.767620,73.36123
18.767710,73.36133
18.767790,73.36141
18.767870,73.36148
18.767950,73.36153
18.768010,73.36156
18.768060,73.36159
18.768120,73.36162
18.768180,73.36165
18.768260,73.36168
18.768350,73.36171
18.768460,73.36176
18.768590,73.36181
18.768640,73.36183
18.768730,73.36188
18.769070,73.3621
18.769290,73.36223
18.769470,73.36233
18.769620,73.3624
18.769910,73.36253
18.769990,73.36256
18.770060,73.36261
18.770110,73.36264
18.770170,73.36269
18.770260,73.36276
18.770300,73.36281
18.770410,73.36291
18.770510,73.36302
18.770620,73.36314
18.770690,73.36321
18.770800,73.36334
18.770850,73.36342
18.770900,73.36348
18.770940,73.36354
18.770970,73.3636
18.771000,73.36365
18.771030,73.36371
18.771070,73.36377
18.771090,73.36383
18.771120,73.36388
18.771150,73.36397
18.771180,73.36405
18.771200,73.36415
18.771220,73.36424
18.771240,73.36434
18.771240,73.36445
18.771240,73.36453
18.771250,73.36459
18.771240,73.36495
18.771240,73.365
18.771240,73.36501
18.771240,73.36505
18.771230,73.36518
18.771220,73.36556
18.771210,73.36587
18.771150,73.36616
18.771030,73.36645
18.770870,73.36671
18.770680,73.36697
18.770560,73.36712
18.770370,73.36731
18.770240,73.36741
18.770190,73.36744
18.770060,73.36752
18.769900,73.36762
18.769420,73.36785
18.768880,73.36811
18.768260,73.3684
18.767640,73.36869
18.767160,73.36893
18.766720,73.36921
18.766190,73.36954
18.765810,73.36975
18.765080,73.37006
18.764860,73.37018
18.764690,73.3703
18.764580,73.37037
18.764410,73.37042
18.764220,73.37048
18.764000,73.37054
18.763440,73.37079
18.762910,73.37109
18.762240,73.37131
18.761780,73.37146
18.761590,73.37153
18.759570,73.37191
18.758820,73.37205
18.758590,73.3721
18.758510,73.37214
18.758420,73.37221
18.758380,73.37225
18.758290,73.37236
18.758250,73.37246
18.758220,73.37258
18.758210,73.37267
18.758210,73.37276
18.758220,73.37283
18.758230,73.37289
18.758270,73.37301
18.758300,73.37307
18.758350,73.37314
18.758450,73.37327
18.758580,73.3734
18.758630,73.37356
18.758700,73.37371
18.758740,73.37384
18.758760,73.37394
18.758780,73.37401
18.758790,73.37413
18.758800,73.37429
18.758790,73.37446
18.758770,73.37466
18.758740,73.37487
18.758710,73.375
18.758660,73.37519
18.758630,73.37529
18.758540,73.37551
18.758100,73.37637
18.757970,73.37662
18.757850,73.37686
18.757770,73.37705
18.757730,73.37717
18.757710,73.37729
18.757710,73.37744
18.757710,73.37747
18.757730,73.37758
18.757770,73.37767
18.757840,73.37778
18.757900,73.37786
18.758010,73.37801
18.758660,73.37867
18.759570,73.37965
18.759830,73.37993
18.760000,73.38013
18.760120,73.3803
18.760230,73.38049
18.760320,73.3807
18.760380,73.3809
18.760400,73.381
18.760440,73.38128
18.760470,73.38147
18.760510,73.38175
18.760570,73.38206
18.760770,73.38266
18.761240,73.38383
18.761400,73.38423
18.761470,73.38443
18.761640,73.38482
18.761710,73.38496
18.761790,73.38511
18.761940,73.38533
18.762100,73.3855
18.762270,73.38565
18.762450,73.3858
18.762580,73.38587
18.762780,73.38598
18.762940,73.38605
18.763060,73.38611
18.763330,73.38626
18.763520,73.3864
18.763680,73.38653
18.763840,73.38668
18.764100,73.38696
18.764330,73.38719
18.764680,73.38746
18.765110,73.38774
18.765500,73.38794
18.765920,73.38815
18.765940,73.38815
18.765960,73.38817
18.766300,73.38834
18.766890,73.38867
18.767110,73.38884
18.767250,73.38896
18.767430,73.38911
18.767700,73.38943
18.767860,73.38962
18.768190,73.3901
18.768350,73.39045
18.768460,73.39076
18.768650,73.39146
18.769040,73.39324
18.769100,73.39365
18.769160,73.39416
18.769200,73.39465
18.769320,73.39629
18.769410,73.39716
18.769520,73.39822
18.769560,73.39887
18.769550,73.39958
18.769530,73.40018
18.769510,73.40039
18.769390,73.40145
18.769320,73.40229
18.769350,73.40316
18.769380,73.40364
18.769370,73.40398
18.769340,73.40426
18.769270,73.40466
18.769000,73.40568
18.768650,73.40693
18.768560,73.40723
18.768360,73.40781
18.768290,73.40801
18.768210,73.4082
18.768130,73.40839
18.767940,73.4088
18.767570,73.40947
18.767070,73.41032
18.766320,73.41161
18.765770,73.41254
18.765570,73.41289
18.765080,73.41377
18.764980,73.41395
18.764880,73.41414
18.764590,73.41474
18.763990,73.41603
18.763790,73.41652
18.763630,73.41691
18.763450,73.41739
18.763320,73.41773
18.763140,73.41817
18.763100,73.41827
18.763060,73.41836
18.763010,73.41848
18.762710,73.41912
18.762290,73.41997
18.762130,73.4203
18.761980,73.42064
18.761850,73.42097
18.761700,73.42138
18.761390,73.42234
18.761290,73.42271
18.761200,73.42313
18.760980,73.42426
18.760830,73.42504
18.760760,73.42543
18.760730,73.42559
18.760700,73.4258
18.760670,73.42597
18.760640,73.42617
18.760600,73.42637
18.760560,73.42655
18.760460,73.42705
18.760370,73.42755
18.760360,73.42762
18.760340,73.4277
18.760320,73.42777
18.760310,73.42785
18.760280,73.42791
18.760270,73.42797
18.760240,73.42805
18.760210,73.42811
18.760190,73.42817
18.760170,73.42822
18.760130,73.42829
18.760080,73.42836
18.760040,73.42843
18.760010,73.42848
18.759970,73.42853
18.759930,73.42857
18.759890,73.42863
18.759830,73.42869
18.759780,73.42873
18.759740,73.42877
18.759680,73.42882
18.759640,73.42885
18.759580,73.4289
18.759520,73.42893
18.759460,73.42896
18.759400,73.429
18.759350,73.42903
18.759300,73.42905
18.759250,73.42907
18.759170,73.4291
18.759130,73.42911
18.759070,73.42913
18.759010,73.42915
18.758970,73.42916
18.758930,73.42917
18.758880,73.42918
18.758820,73.42919
18.758740,73.4292
18.758670,73.4292
18.758340,73.4292
18.758100,73.4292
18.758030,73.4292
18.757850,73.4292
18.757660,73.4292
18.757380,73.42918
18.757320,73.42918
18.756790,73.42917
18.755870,73.42919
18.755290,73.42919
18.754940,73.42921
18.754450,73.42929
18.754150,73.42938
18.753670,73.42958
18.751980,73.43027
18.750580,73.43083
18.750460,73.43087
18.750340,73.43091
18.750080,73.43098
18.749840,73.43103
18.749670,73.43106
18.749310,73.43107
18.749060,73.43108
18.748870,73.43106
18.748520,73.431
18.747980,73.4309
18.745580,73.43041
18.745530,73.4304
18.744720,73.43024
18.743910,73.43008
18.741620,73.4296
18.740140,73.42929
18.740010,73.42927
18.739890,73.42925
18.739880,73.42925
18.739870,73.42925
18.739730,73.42922
18.739680,73.42922
18.739670,73.42921
18.739460,73.42917
18.739270,73.42914
18.739040,73.42912
18.738770,73.42911
18.738500,73.42912
18.738320,73.42914
18.738130,73.42917
18.737810,73.42925
18.737510,73.42936
18.737260,73.42947
18.736940,73.42965
18.736560,73.42991
18.736420,73.43003
18.736280,73.43017
18.736080,73.43038
18.735950,73.43055
18.735820,73.43074
18.735650,73.43101
18.735490,73.43135
18.735410,73.43159
18.735320,73.43186
18.735310,73.43193
18.735270,73.4321
18.735240,73.43231
18.735230,73.43244
18.735220,73.43257
18.735210,73.43334
18.735240,73.43424
18.735360,73.43665
18.735360,73.4369
18.735350,73.4371
18.735320,73.43732
18.735280,73.43765
18.735230,73.43793
18.735190,73.43814
18.735120,73.43839
18.735080,73.43856
18.734860,73.43925
18.734820,73.43939
18.734800,73.43944
18.734740,73.43962
18.734720,73.4397
18.734460,73.44045
18.734180,73.44127
18.733800,73.44235
18.733710,73.44263
18.733650,73.44287
18.733550,73.44328
18.733500,73.44361
18.733460,73.44388
18.733440,73.44417
18.733430,73.44449
18.733440,73.44477
18.733480,73.44536
18.733540,73.44578
18.733620,73.44617
18.733700,73.4465
18.733880,73.44708
18.734160,73.44795
18.734490,73.44883
18.734810,73.44976
18.735120,73.45066
18.735560,73.452
18.737570,73.45773
18.738190,73.4596
18.739930,73.46483
18.740010,73.46506
18.740970,73.46772
18.741160,73.46839
18.741190,73.46849
18.741350,73.46922
18.741480,73.46991
18.741830,73.47202
18.742610,73.47639
18.743210,73.47981
18.743770,73.48296
18.743770,73.48297
18.743900,73.4837
18.744000,73.48423
18.745160,73.4906
18.745670,73.49348
18.746140,73.4961
18.746410,73.49763
18.746580,73.4986
18.746960,73.50077
18.747010,73.50106
18.747010,73.50108
18.747070,73.50139
18.747700,73.5049
18.747800,73.50544
18.747860,73.50572
18.747940,73.50605
18.748410,73.50773
18.748730,73.50886
18.749190,73.51056
18.749700,73.51245
18.749920,73.51325
18.750600,73.51575
18.751210,73.51801
18.751310,73.51843
18.751440,73.51906
18.751530,73.51954
18.751590,73.52012
18.751620,73.52063
18.751630,73.52117
18.751610,73.52177
18.751580,73.52217
18.751530,73.52269
18.751450,73.52313
18.751360,73.52357
18.751240,73.52406
18.751070,73.52458
18.750920,73.52499
18.750750,73.52544
18.750550,73.5259
18.750380,73.52627
18.750170,73.5267
18.749910,73.52717
18.749680,73.52754
18.749490,73.52781
18.749230,73.52818
18.748960,73.52851
18.748560,73.52898
18.748220,73.52934
18.747850,73.52966
18.747450,73.52999
18.747160,73.53021
18.746800,73.53046
18.746500,73.53067
18.746230,73.53083
18.745870,73.53103
18.745250,73.53132
18.744820,73.53151
18.744470,73.53165
18.744040,73.53182
18.743870,73.53189
18.743700,73.53195
18.743400,73.53204
18.743060,73.53212
18.742520,73.53222
18.742210,73.53226
18.741770,73.53231
18.740900,73.53238
18.739990,73.53244
18.739080,73.53251
18.738490,73.53254
18.738200,73.53257
18.737820,73.53262
18.737500,73.53268
18.737140,73.53277
18.736750,73.53287
18.736610,73.53291
18.736260,73.53303
18.735850,73.53318
18.735610,73.53329
18.735380,73.53342
18.735140,73.53358
18.733360,73.53482
18.732790,73.53528
18.732300,73.53572
18.732000,73.53606
18.731830,73.5363
18.731650,73.53658
18.730540,73.53818
18.729430,73.53978
18.729050,73.54033
18.728820,73.54062
18.727410,73.54235
18.727120,73.54271
18.726870,73.54306
18.726700,73.5433
18.726480,73.54364
18.726310,73.5439
18.726210,73.54408
18.726110,73.54425
18.726000,73.54446
18.725770,73.54494
18.725240,73.54601
18.725060,73.54635
18.724740,73.54696
18.724410,73.5475
18.723840,73.54834
18.723270,73.54918
18.723100,73.54945
18.722800,73.54991
18.722380,73.55048
18.721900,73.55112
18.721630,73.55145
18.720900,73.55235
18.720560,73.55278
18.720210,73.55324
18.719080,73.55472
18.717900,73.55629
18.717780,73.55643
18.717670,73.55657
18.716660,73.55792
18.715580,73.55936
18.714620,73.56062
18.713760,73.56172
18.712500,73.5634
18.712120,73.56393
18.711880,73.56427
18.711750,73.56446
18.711650,73.56462
18.711480,73.56493
18.711380,73.56511
18.711310,73.56526
18.711220,73.56543
18.711140,73.56561
18.711060,73.56579
18.711000,73.56593
18.710910,73.56617
18.710810,73.56643
18.710740,73.56662
18.710670,73.56689
18.710560,73.56724
18.710490,73.56754
18.710420,73.56782
18.710190,73.5689
18.709920,73.57016
18.709520,73.57209
18.709150,73.57395
18.709020,73.57452
18.708770,73.57569
18.708450,73.57722
18.708280,73.57808
18.707990,73.5795
18.707560,73.58166
18.706940,73.58454
18.706870,73.58489
18.706710,73.58572
18.706350,73.5875
18.706060,73.58889
18.705770,73.59018
18.705670,73.5907
18.705620,73.59098
18.705580,73.59121
18.705510,73.59164
18.705460,73.59199
18.705430,73.59223
18.705400,73.59255
18.705380,73.59285
18.705370,73.59311
18.705380,73.59355
18.705380,73.5938
18.705400,73.59402
18.705430,73.59436
18.705470,73.59462
18.705500,73.59486
18.705540,73.59505
18.705580,73.5953
18.705620,73.59549
18.705670,73.59566
18.705720,73.59585
18.705810,73.59617
18.706060,73.597
18.706230,73.59758
18.706390,73.59815
18.706670,73.59906
18.706990,73.60013
18.708130,73.60403
18.708480,73.60523
18.708780,73.60628
18.708950,73.6069
18.709080,73.60739
18.709240,73.60804
18.709320,73.6084
18.709420,73.60885
18.709490,73.60922
18.709690,73.61033
18.709900,73.61136
18.710020,73.612
18.710170,73.61271
18.710220,73.61291
18.710260,73.61306
18.710360,73.61339
18.710450,73.61369
18.710580,73.61409
18.710700,73.61441
18.710910,73.61494
18.711070,73.61532
18.711710,73.61685
18.712190,73.61804
18.712280,73.61829
18.712350,73.61847
18.712650,73.61941
18.712770,73.61978
18.712910,73.62025
18.713170,73.62123
18.713410,73.6222
18.713850,73.62412
18.714130,73.62525
18.714270,73.62589
18.714840,73.62853
18.715300,73.63047
18.715670,73.632
18.716010,73.63342
18.716100,73.63382
18.716200,73.63427
18.716320,73.63479
18.716470,73.63543
18.716570,73.63587
18.716650,73.63628
18.716700,73.63657
18.716730,73.63681
18.716760,73.63707
18.716770,73.63737
18.716780,73.63764
18.716780,73.63785
18.716780,73.6381
18.716770,73.63832
18.716740,73.63863
18.716710,73.63888
18.716680,73.63913
18.716650,73.63929
18.716630,73.63942
18.716580,73.63968
18.716500,73.63998
18.716430,73.64022
18.716360,73.64044
18.716300,73.64064
18.716230,73.64082
18.716120,73.6411
18.715970,73.64146
18.715580,73.64235
18.715260,73.6431
18.714920,73.64381
18.714760,73.64415
18.714490,73.64483
18.714400,73.64504
18.714080,73.64581
18.713770,73.64646
18.713450,73.64718
18.713020,73.64811
18.712020,73.65038
18.711910,73.65062
18.710530,73.65375
18.709650,73.65569
18.708850,73.65747
18.708660,73.65788
18.706870,73.66197
18.705890,73.6642
18.705490,73.66509
18.705160,73.66582
18.705010,73.66618
18.704910,73.66643
18.704830,73.66664
18.704760,73.66687
18.704690,73.6671
18.704640,73.66726
18.704580,73.66751
18.704530,73.66776
18.704490,73.66797
18.704460,73.66824
18.704420,73.66851
18.704410,73.66875
18.704400,73.66899
18.704400,73.66919
18.704410,73.66941
18.704410,73.66964
18.704430,73.66991
18.704500,73.67055
18.704560,73.67107
18.704610,73.67149
18.704650,73.67191
18.704660,73.67213
18.704660,73.67236
18.704660,73.67265
18.704650,73.67291
18.704620,73.67324
18.704590,73.67349
18.704550,73.67376
18.704490,73.6741
18.704390,73.67447
18.704340,73.67465
18.704270,73.67487
18.704180,73.67512
18.704140,73.67525
18.704070,73.67541
18.703940,73.67569
18.703830,73.67591
18.703740,73.67607
18.703640,73.67625
18.703520,73.67646
18.703360,73.67671
18.703290,73.67681
18.703160,73.67698
18.703010,73.67717
18.702910,73.67729
18.702750,73.67746
18.702600,73.67763
18.702510,73.67773
18.702370,73.67786
18.702230,73.67798
18.702080,73.67812
18.701890,73.67827
18.701610,73.67848
18.701340,73.67865
18.701090,73.6788
18.700900,73.6789
18.700730,73.679
18.700080,73.67931
18.699350,73.67965
18.698660,73.67998
18.697610,73.68052
18.696510,73.68111
18.695170,73.68183
18.694990,73.68193
18.694800,73.68202
18.693450,73.68274
18.692760,73.6831
18.692330,73.68333
18.691930,73.68354
18.691740,73.68364
18.691480,73.6838
18.691210,73.68397
18.691040,73.68409
18.690860,73.68422
18.690540,73.68446
18.690280,73.68468
18.690100,73.68484
18.689970,73.68496
18.689810,73.68511
18.689650,73.68528
18.689470,73.68548
18.689260,73.68571
18.688400,73.68673
18.687810,73.68743
18.687150,73.68823
18.686220,73.68935
18.684510,73.69142
18.683850,73.69221
18.683050,73.69315
18.682750,73.69347
18.682360,73.69389
18.681880,73.69439
18.681550,73.69471
18.681200,73.69505
18.680770,73.69544
18.680340,73.69583
18.678700,73.69728
18.677780,73.69809
18.677010,73.69878
18.674930,73.70061
18.672310,73.70294
18.671540,73.70361
18.671420,73.70372
18.671300,73.70382
18.670280,73.7047
18.668810,73.70601
18.667960,73.70677
18.666810,73.70778
18.665500,73.70894
18.665170,73.70924
18.665040,73.70936
18.664980,73.70943
18.664780,73.70964
18.664680,73.70976
18.664560,73.70991
18.664430,73.71008
18.664300,73.71026
18.664180,73.71045
18.663980,73.71079
18.663900,73.71096
18.663800,73.71116
18.663690,73.71143
18.663610,73.71162
18.663520,73.7119
18.663480,73.71203
18.663430,73.7122
18.663400,73.71233
18.663360,73.71249
18.663340,73.71261
18.663310,73.71276
18.663290,73.71289
18.663270,73.71299
18.663260,73.71309
18.663250,73.71318
18.663240,73.71326
18.663230,73.71353
18.663210,73.71378
18.663210,73.71422
18.663220,73.71482
18.663230,73.71518
18.663230,73.71551
18.663230,73.7158
18.663230,73.71609
18.663220,73.71668
18.663200,73.7174
18.663210,73.71813
18.663200,73.71909
18.663190,73.71975
18.663170,73.72133
18.663160,73.7217
18.663130,73.72245
18.663060,73.72354
18.662960,73.72512
18.662940,73.72529
18.662930,73.72544
18.662830,73.72665
18.662830,73.72665
18.662770,73.72745
18.662720,73.7282
18.662660,73.72925
18.662650,73.72938
18.662640,73.72954
18.662620,73.72967
18.662610,73.72977
18.662590,73.72985
18.662560,73.72993
18.662530,73.73001
18.662470,73.73009
18.662420,73.73016
18.662360,73.73021
18.662300,73.73025
18.662220,73.73029
18.662170,73.73031
18.662130,73.73032
18.662090,73.73033
18.661820,73.73039
18.661820,73.73039
18.660650,73.73058
18.660450,73.73062
18.660420,73.73062
18.660400,73.73063
18.660380,73.73063
18.660370,73.73062
18.660350,73.73062
18.660340,73.73061
18.660320,73.7306
18.660310,73.73058
18.660180,73.73064
18.660090,73.73068
18.659390,73.73096
18.659060,73.73109
18.657240,73.73181
18.657180,73.73184
18.653810,73.73319
18.653200,73.73343
18.652630,73.73364
18.652060,73.73387
18.650580,73.73451
18.650360,73.7346
18.650160,73.73468
18.647230,73.73587
18.647110,73.73591
18.646980,73.73596
18.646610,73.73611
18.646230,73.73626
18.645390,73.73659
18.645070,73.73672
18.644080,73.7371
18.642650,73.73763
18.641900,73.73798
18.641870,73.73799
18.641060,73.73829
18.639800,73.73879
18.638820,73.73917
18.637620,73.73964
18.636940,73.73992
18.636800,73.73997
18.636300,73.74014
18.635280,73.74054
18.634960,73.74069
18.634620,73.74083
18.634380,73.74092
18.634310,73.74095
18.634080,73.74104
18.633460,73.74126
18.632750,73.74151
18.631300,73.7421
18.629820,73.7427
18.627260,73.74372
18.626200,73.74414
18.624800,73.7447
18.624400,73.74486
18.623850,73.74507
18.623190,73.74534
18.622360,73.74568
18.622090,73.74579
18.621440,73.74607
18.621120,73.7462
18.620800,73.74633
18.620160,73.7466
18.618320,73.74735
18.617350,73.74776
18.616900,73.74796
18.614990,73.74871
18.612330,73.7497
18.610630,73.75031
18.609340,73.7508
18.609300,73.75082
18.608250,73.75121
18.607660,73.75143
18.606640,73.75182
18.605650,73.75218
18.605420,73.75226
18.605190,73.75234
18.604550,73.75256
18.603460,73.75299
18.603000,73.75316
18.602500,73.75335
18.602180,73.75348
18.602030,73.75353
18.601400,73.75378
18.600980,73.75394
18.600390,73.75413
18.600350,73.75414
18.599380,73.75451
18.598950,73.75467
18.597360,73.75526
18.597120,73.75534
18.596720,73.75549
18.595280,73.75604
18.594960,73.75616
18.594630,73.75628
18.592400,73.75711
18.592270,73.75717
18.592120,73.75723
18.592120,73.75723
18.592120,73.75735
18.592200,73.7582
18.592240,73.75841
18.592300,73.75876
18.592390,73.75932
18.592410,73.75943
18.592490,73.76009
18.592530,73.76037
18.592560,73.76066
18.592570,73.76067
18.592570,73.76072
18.592570,73.76078
18.592570,73.76083
18.592570,73.76085
18.592510,73.76095
18.592510,73.76095
18.592540,73.76118
18.592540,73.76127
18.592540,73.7614
18.592530,73.76148
18.592510,73.76173
18.592360,73.76264
18.592350,73.76272
18.592230,73.76397
18.592190,73.76459
18.592190,73.76467
18.592150,73.76492
18.592110,73.76511
18.592050,73.76536
18.591900,73.76569
18.591800,73.76587
18.591740,73.76597
18.591620,73.76616
18.591190,73.76684
18.591090,73.76705
18.590870,73.76752
18.590470,73.76834
18.590340,73.76859
18.590260,73.76882
18.590230,73.76894
18.590210,73.76907
18.590210,73.76921
18.590200,73.76934
18.590200,73.76998
18.590210,73.77115
18.590210,73.7715
18.590220,73.77203
18.590210,73.77294
18.590200,73.77311
18.590160,73.77339
18.590060,73.77375
18.590010,73.7739
18.589910,73.77412
18.589690,73.77468
18.589530,73.77506
18.589490,73.77517
18.589420,73.77538
18.589350,73.7756
18.589290,73.77577
18.589240,73.776
18.589180,73.77625
18.589170,73.77639
18.589170,73.77663
18.589170,73.77668
18.589170,73.77672
18.589180,73.77677
18.589200,73.77682
18.589200,73.77682
18.589050,73.77712
18.589020,73.77716
18.589000,73.7772
18.588970,73.77725
18.588950,73.77729
18.588890,73.77746
18.588810,73.77779
18.588770,73.77794
18.588750,73.77798
18.588700,73.77819
18.588670,73.7783
18.588660,73.77836
18.588650,73.77842
18.588640,73.77853
18.588630,73.77861
18.588630,73.77908
18.588630,73.77935
18.588680,73.77955
18.588680,73.77957
18.588690,73.77969
18.588690,73.77993
18.588640,73.78104
18.588640,73.78111
18.588550,73.78193
18.588460,73.78276
18.588430,73.78317
18.588380,73.78372
18.588360,73.78386
18.588360,73.78392
18.588320,73.78429
18.588250,73.78477
18.588140,73.78514
18.588140,73.78514
18.588070,73.78547
18.588010,73.78574
18.587970,73.78595
18.587840,73.78668
18.587510,73.78851
18.587420,73.78895
18.587240,73.78955
18.587180,73.78982
18.587170,73.78993
18.587150,73.79005
18.587100,73.79037
18.587100,73.79037
18.586720,73.79079
18.586680,73.79085
18.586560,73.79107
18.586360,73.79144
18.586140,73.79191
18.585890,73.79238
18.585730,73.79266
18.585230,73.79356
18.584890,73.79419
18.584590,73.79472
18.584290,73.79516
18.583800,73.79584
18.583630,73.79605
18.583380,73.79635
18.583110,73.79666
18.582660,73.79713
18.582270,73.79757
18.582250,73.79758
18.582130,73.7977
18.582070,73.79776
18.580660,73.79923
18.580420,73.79949
18.579830,73.80011
18.579070,73.80092
18.578680,73.80135
18.577800,73.80233
18.577290,73.8029
18.576710,73.80349
18.575390,73.80481
18.574500,73.80568
18.574110,73.80608
18.573900,73.80628
18.573900,73.80637
18.573900,73.80647
18.573900,73.80647
18.573870,73.80651
18.573860,73.80652
18.573840,73.80653
18.573800,73.80655
18.573760,73.80657
18.573540,73.8066
18.573400,73.80661
18.573270,73.80666
18.573130,73.80674
18.573050,73.80679
18.572370,73.80736
18.571140,73.80828
18.570640,73.8086
18.569850,73.80908
18.569730,73.8092
18.569650,73.8093
18.569570,73.80949
18.569500,73.80977
18.569460,73.81
18.569430,73.81031
18.569280,73.81088
18.569240,73.81102
18.569200,73.81114
18.569170,73.81118
18.569140,73.81122
18.569110,73.81126
18.569060,73.81129
18.569000,73.81134
18.568970,73.81137
18.568930,73.81139
18.568870,73.81142
18.568820,73.81144
18.568720,73.81147
18.568650,73.81148
18.568570,73.8115
18.568130,73.81156
18.567540,73.8116
18.567200,73.81162
18.566990,73.81171
18.566770,73.81181
18.566090,73.81207
18.565630,73.81223
18.565490,73.81228
18.565180,73.81242
18.565150,73.81243
18.564810,73.81258
18.564670,73.81266
18.564360,73.81283
18.563900,73.81303
18.563490,73.81319
18.563200,73.81331
18.562880,73.81343
18.562820,73.81346
18.562500,73.81359
18.562330,73.81367
18.561710,73.81398
18.561540,73.81409
18.561360,73.8142
18.561310,73.81425
18.560940,73.81452
18.560710,73.8147
18.560710,73.8147
18.560440,73.81492
18.560370,73.81498
18.557990,73.8168
18.557800,73.81694
18.557510,73.81715
18.556180,73.81813
18.555780,73.81841
18.554530,73.8193
18.554430,73.81937
18.554350,73.81942
18.552420,73.82085
18.551100,73.82176
18.551030,73.82182
18.549500,73.82296
18.548680,73.82355
18.547580,73.82433
18.547300,73.82453
18.545730,73.82567
18.544690,73.82644
18.544050,73.82691
18.543860,73.82705
18.543650,73.8272
18.543420,73.82738
18.543160,73.82759
18.543060,73.82768
18.542950,73.8278
18.542830,73.82795
18.542650,73.82822
18.542400,73.8286
18.542400,73.8286
18.542310,73.82872
18.542170,73.82891
18.541990,73.82919
18.541450,73.82999
18.541190,73.83036
18.541030,73.83058
18.540970,73.83068
18.540900,73.83079
18.540400,73.8315
18.540070,73.83196
18.539940,73.83216
18.539740,73.83244
18.539740,73.83244
18.539500,73.83278
18.539340,73.83299
18.539000,73.83344
18.538660,73.8339
18.538640,73.83392
18.538570,73.83402
18.537800,73.83496
18.537230,73.83566
18.537060,73.8359
18.537020,73.836
18.536990,73.83607
18.536990,73.83607
18.536680,73.83648
18.536200,73.83709
18.535820,73.83759
18.535740,73.8377
18.535480,73.83805
18.535420,73.83813
18.535360,73.83823
18.535180,73.83847
18.535070,73.83862
18.534640,73.83925
18.534420,73.83958
18.532650,73.84216
18.532370,73.84256
18.532170,73.84286
18.532170,73.84286
18.532110,73.84294
18.532060,73.84301
18.532010,73.84314
18.531970,73.84326
18.531850,73.84359
18.531550,73.84454
18.531510,73.84469
18.531500,73.84472
18.531490,73.84474
18.531290,73.84549
18.531100,73.84626
18.531030,73.84658
18.530980,73.84676
18.530880,73.84722
18.530880,73.84722
18.530830,73.84743
18.530510,73.84868
18.530290,73.84955
18.530230,73.84979
18.530230,73.84979
18.530130,73.85007
18.530130,73.85009
18.529980,73.85065
18.529970,73.85067
18.529920,73.85087
18.529880,73.85104
18.529850,73.85113
18.529850,73.85113
18.529820,73.85116
18.529700,73.85132
18.529670,73.85144
18.529420,73.85224
18.529380,73.85238
18.529370,73.85242
18.529350,73.85245
18.529340,73.85247
18.529310,73.85249
18.529260,73.85251
18.529190,73.85251
18.529110,73.85251
18.529020,73.8525
18.529020,73.8525
18.528250,73.85194
18.528150,73.85187
18.527820,73.85164
18.527570,73.85145
18.527540,73.85142
18.527540,73.85142
18.527520,73.85142
18.527390,73.85143
18.527350,73.85143
18.527330,73.85144
18.527310,73.85146
18.527290,73.85149
18.527220,73.8516
18.527100,73.85183
18.527000,73.85201
18.526880,73.8522
18.526840,73.85225
18.526810,73.85228
18.526800,73.85231
18.526780,73.85233
18.526740,73.85239
18.526670,73.85248
18.526030,73.85308
18.526030,73.85308
18.525850,73.85318
18.525760,73.85324
18.525720,73.85327
18.525610,73.85332
18.524900,73.85362
18.524790,73.85367
18.523610,73.85423
18.523490,73.85428
18.523310,73.85436
18.523130,73.85443
18.523050,73.85447
18.523010,73.85448
18.522990,73.85449
18.521540,73.85515
18.521400,73.85523
18.521250,73.85531
18.521090,73.85541
18.520950,73.85549
18.520830,73.85557
18.520680,73.85571
18.520680,73.85571
18.520680,73.85602
18.520670,73.85637
18.520660,73.85665
18.520660,73.85674
